time,sniffer_zero,sniffer_one,sniffer_two,sniffer_three,sniffer_four,sniffer_five,sniffer_six
16:18:00,0.8418686071631543,0.9542043256127017,0.5973990635079682,0.514252905347632,0.5928364590821642,0.1112346161907794,0.3521581206960235
16:18:01,0.8122275030548267,0.8653597606248445,0.48070670227505125,0.42833643951057554,0.4781134389505821,0.13048037605656854,0.3366043044052562
16:18:02,0.7779688184639161,0.7897458221756735,0.38027176101481225,0.3530425462665094,0.37909149396086794,0.1625731736129466,0.32055505853585736
16:18:03,0.739913841655362,0.7260463593124331,0.294643014270891,0.28750609470995453,0.294396120867192,0.20463499899644821,0.3044157297095671
16:18:04,0.6988378160380768,0.6730064277279328,0.22243218504319695,0.23089688968033956,0.22271133508838709,0.2539845948242693,0.28856039280359713
16:18:05,0.6554699401649446,0.629432289760547,0.16231394478790928,0.18241967176200036,0.1627796707079484,0.30813745619426747,0.2733318509506314
16:18:06,0.6104933677328219,0.5941914143942149,0.11302591341747681,0.14131411728418047,0.11340218047403361,0.36480583068496164,0.25904163553882553
16:18:07,0.5645452075825372,0.5662124772584409,0.07336865930061787,0.10685483832103082,0.07343843579946319,0.421898718355532,0.2459700062118073
16:18:08,0.5182165236988912,0.544485360628294,0.04220569926232076,0.0783513826916098,0.04180652676171959,0.47752187174582056,0.2343659508686762
16:18:09,0.47205233521065676,0.5280611534244086,0.01846349858384322,0.05514823395988333,0.017483062102948255,0.5299777958763305,0.22444718566400373
16:18:10,0.42655161639057904,0.5160521512129838,0.001131471002712936,0.036624811434724736,-0.000496830770043033,0.5777657482482261,0.2164001550078333
16:18:11,0.38216729665537513,0.5076318562057833,-0.01073802128727297,0.02219547016991502,-0.013039505785784278,0.6195817388433342,0.21038003156568028
16:18:12,0.33930626056573454,0.5020349772601365,-0.01802966763604763,0.011309500964142294,-0.02099279820814237,0.6543185301241419,0.20651071625853187
16:18:13,0.2983293478263187,0.498557429878937,-0.021565208937274427,0.003451130361002419,-0.025146024636322206,0.6810656370337982,0.20488483826284729
16:18:14,0.2595513532857613,0.4965563362106439,-0.0221034376283471,-0.0018604793510011985,-0.026229983004866453,0.6991093269961135,0.20556375501055763
16:18:15,0.22324102693666825,0.4954500250492809,-0.02034019769038986,-0.005071230138458116,-0.02491695258365423,0.70793261991556,0.20857755218906587
16:18:16,0.18962107391561767,0.49471803183443686,-0.016908384648256503,-0.006592088223049686,-0.021820693977903094,0.7072152881772706,0.21392504374124696
16:18:17,0.1588681545031595,0.49390109865126536,-0.012377945570532844,-0.006799084081550388,-0.017496449128167835,0.6968338566470407,0.22157377186544777
16:18:18,0.13111288412381605,0.49260117423048533,-0.007255879069532956,-0.006033312445827055,-0.012440941310340792,0.6768616026713257,0.23146000701548708
16:18:19,0.1064398333460822,0.49048141394838013,-0.0019862353013020417,-0.004600932302839089,-0.007092375135651308,0.6475685560772435,0.24348874790065556
16:18:20,0.08488752788245099,0.4872661798269632,0.0030498840343862778,-0.0027731668946391398,-0.001830436550666741,0.6094214991727788,0.2575337214858028
16:18:21,0.0829353347788109,0.4816220444288553,-0.0007988800779041433,0.006952651383038969,0.0063333658433943115,0.55882066261654,0.2670485628661875
16:18:22,0.07959536830781672,0.4707009285100401,-0.0006040662591997661,-0.005276741129092504,0.01807837319666026,0.5074913128112145,0.2758904447414783
16:18:23,0.06827088818015642,0.46925288645073476,-0.0007045965639274955,0.013180931235824603,0.017454372560147317,0.45125764099120036,0.2751881312947397
16:18:24,0.06228572791252111,0.4436150407684782,0.015705722739193684,0.006556444511854886,0.012124220079414164,0.37914499142578684,0.28422587654767134
16:18:25,0.05157188254183725,0.42965899860234913,0.014854900277480418,-0.008267931563017026,0.0,0.2951930220837593,0.2985364137110061
16:18:26,0.042063836164814364,0.4218060862551418,0.0,-0.006423961308557037,0.0,0.1929568709833987,0.30199681252024324
16:18:27,0.031497314821204984,0.4043850839242677,0.0,-0.0028058681577605438,0.0,0.11528206007162403,0.327592486144107
16:18:28,0.025085734104460473,0.38671917225443275,0.0,0.0028797067934910768,0.0,0.037159224530799326,0.35363659649428336
16:18:29,0.015937852296337384,0.38178146247235095,0.0,0.010942885815266118,0.0,0.007375115675983229,0.37454017908996473
16:18:30,0.002910619756905361,0.3825780828361157,0.0,0.0,0.0,-0.014534958631743963,0.39286607952471686
16:18:31,0.016127619644357806,0.3657353963150522,0.0,0.0,0.0,-0.01038121391840768,0.42263173295817136
16:18:32,0.010613410216363226,0.3613726359779215,0.0,0.0,0.0,-0.006869169687765957,0.4737850578076652
16:18:33,0.008765364692764057,0.33673814329579227,0.0,0.0,0.0,-0.005339381435456869,0.4993497253701321
16:18:34,0.001153166779939676,0.3342948585899394,0.0,0.0,0.0,0.009456086378808376,0.5302533819417693
16:18:35,-0.008814577731200117,0.31771727284092516,0.0,0.0,0.0,0.033935617520799044,0.581542620979182
16:18:36,-0.010467262310714511,0.3151582087687257,0.0,0.0,0.0,0.06398283891009833,0.6216974063350437
16:18:37,-0.006293403911103128,0.2984559892109277,0.0,0.0,0.0,0.07741040636722127,0.650316970405553
16:18:38,-0.020672452323054848,0.2724830164099187,0.0,0.0,0.0,0.12847817085196167,0.6786163394817175
16:18:39,-0.01855872814466745,0.23298878211277835,0.0,0.0,0.0,0.17304086439693767,0.6926617513239517
16:18:40,0.00014942669508754593,0.218997557718029,0.0,0.0,0.0,0.21473769273261287,0.714045607200456
16:18:41,0.0022302631491521365,0.1925083748844492,0.0,0.0,0.0,0.2466823485114666,0.7107381934980804
16:18:42,0.02100655191977506,0.18107762105259967,0.0,0.0,0.0,0.2669475941191401,0.7038374725334111
16:18:43,0.010764683765254577,0.16660500371908699,0.0,0.0,0.0,0.2805663726226669,0.6928441642597456
16:18:44,-0.00876031080228767,0.14633033739763635,0.0,0.0,0.009033732608190946,0.27098244490831375,0.6886803466499465
16:18:45,-0.01582245825014367,0.14210170928792698,0.0,0.0,0.0023772980547870854,0.28478505614637395,0.6425530035706222
16:18:46,-0.009789208030844924,0.13535783021261483,0.0,0.0,-0.0023163416944079356,0.29895475289885615,0.643724640202151
16:18:47,-0.013983899690087065,0.12556393674564664,0.0,0.0,-0.005303203352986592,0.30714963446532206,0.6314679745735375
16:18:48,-0.013155679349671325,0.12841580546446899,0.0,0.0,-0.006825464893266061,0.322266838562753,0.6271508910851835
16:18:49,0.0035278214518157693,0.12827690529499228,0.0,0.0,-0.007111465546288259,0.329299188155755,0.6199579724972122
16:18:50,0.019282267438825156,0.14335896149792351,0.0,0.0,-0.006375705801819852,0.33652028720989074,0.594233392155792
16:18:51,0.01857917768298416,0.15197305985606901,0.0,0.0,-0.004818847408352223,0.34409803259484134,0.5702500455465305
16:18:52,0.0219842831867862,0.1644180289113124,0.0,0.0,-0.0026277133731014727,0.36578665766537666,0.5645327802239255
16:18:53,0.028239343043663205,0.1758861671431385,0.0,0.0,2.471203799153531e-05,0.38577183350914596,0.5599447845621008
16:18:54,0.0224582445229144,0.18444185621499606,0.0,0.0,0.002979283300261224,0.4012778585322995,0.5413559251815225
16:18:55,0.02532965295303056,0.1918492930351906,0.0,0.0,0.0060906936303172805,0.41819909210176315,0.5192295729957547
16:18:56,0.05599878175036019,0.22600771926325391,0.0,0.0,0.00922747498604467,0.4387092622218636,0.4935886035090591
16:18:57,0.055138787413337734,0.2582400363216949,0.0,0.0,0.012271998066603599,0.4731575628706723,0.4750996160974755
16:18:58,0.08024170786510382,0.269382747000002,0.0,0.0,0.01512047231242957,0.517330507562494,0.4259657785945139
16:18:59,0.08012107586699017,0.2894939471642966,0.0,0.0,0.017682945905233345,0.5668664507316981,0.3957275243361881
16:19:00,0.11130030443704031,0.32294771848056497,0.0,0.0,0.019883305768000938,0.6058364257644703,0.38797951715539325
16:19:01,0.10794433709922267,0.3300831513617992,0.0,0.01168899166630699,0.021659277564993647,0.6438095683097502,0.3968448449448069
16:19:02,0.13529212706755497,0.3391701822179234,0.0,0.017003359657931438,0.035799835197598336,0.6681364779430105,0.388008043559416
16:19:03,0.13149186972220273,0.3564001072594679,0.010048903128883811,0.006636750831525946,0.04377750536538828,0.694463122743205,0.3816708579822965
16:19:04,0.15652650961788334,0.34472499747211655,0.01618862197422014,0.007303312334075278,0.040327999672045735,0.707345094646224,0.3705954786649813
16:19:05,0.17200874432871083,0.34758020276767654,0.016607105163548616,-0.014283966157961986,0.03450187225337689,0.7226858809251517,0.351241752859925
16:19:06,0.18620895053119063,0.34957064660307635,0.016146906319912294,-0.008969607237422992,0.02396637609010367,0.6939059699818174,0.3378292181469709
16:19:07,0.18958221028561992,0.3563684833294818,0.003015530669177929,-0.028370028444212256,0.009204592505953513,0.6828490863483794,0.3279204452146403
16:19:08,0.17734391500704827,0.36015861585259906,-0.010652539124434925,-0.021282036465952184,-0.004586372162530716,0.6723280131453985,0.31202454694121035
16:19:09,0.19918134211958197,0.37810885115297155,-0.021710183425862742,-0.02082215057476462,-0.037859501190734154,0.6635356880795801,0.3070805771048605
16:19:10,0.20859598043382632,0.3749508388508323,-0.02985829728867022,-0.02523359178973279,-0.03448429346798936,0.6585545252964201,0.29103253308415683
16:19:11,0.22003432908148113,0.40788832673905434,-0.04508666242927547,-0.01469598393112137,-0.03195295993335182,0.6603564153802074,0.29755537377125324
16:19:12,0.2301663889866584,0.42968513076962916,-0.04798925685852233,-0.005580332217622049,-0.026200248944744223,0.6370498747271093,0.28959726365473826
16:19:13,0.2433843138608554,0.4643604401803975,-0.04391428960078788,-0.01405531433020032,-0.015704089721478666,0.6032321200999927,0.282704271300359
16:19:14,0.2524226260755744,0.5104400442005834,-0.057718330675226553,0.004780924668355729,-0.005527658025074305,0.5695414238696499,0.28222164840378855
16:19:15,0.258704955103226,0.5732825461827121,-0.05052384041478367,0.02375271894448896,0.014697506272700236,0.5302334222721324,0.2784689633065041
16:19:16,0.26839438467354365,0.6312748325455156,0.0005924810120667215,0.03242786665275618,0.03600633534570844,0.47440042500638724,0.2739834936450471
16:19:17,0.27084422532531366,0.6696505704679375,0.041657548795656266,0.06456412209719463,0.0628047167702374,0.41564520060577337,0.27308486167497564
16:19:18,0.2872678220098347,0.7019817665864567,0.0776793608997879,0.08365169063718891,0.07588645461925458,0.38828070763681544,0.27396758718975806
16:19:19,0.3306419042381572,0.7110034576580125,0.12531756644414294,0.12690441618845855,0.12541854677590036,0.342751368243611,0.25979758660305874
16:19:20,0.36714075965364423,0.7371879752589809,0.15801006217761168,0.15619288901287207,0.17915163625606334,0.2976492331077069,0.24325010589460286
16:19:21,0.3795434046427937,0.7333746012447762,0.19095879584955544,0.17765520423146652,0.23021348738299438,0.2552769638168886,0.2239534447195581
16:19:22,0.40914423770364794,0.7411961942992844,0.2311255926523976,0.20464507004502477,0.27746307166005435,0.2187753434139328,0.20863887093705671
16:19:23,0.4147262222986803,0.731898479427793,0.26109866276935095,0.25045791293018105,0.32561613960727276,0.17549022551213547,0.1810911099504711
16:19:24,0.41611341696437804,0.71958387394192,0.2987191991385777,0.26921783386297793,0.3699967314212316,0.14169041081536596,0.15150027679512973
16:19:25,0.44396554308650776,0.7196537424422871,0.33180834616512755,0.3009651574467797,0.39448798541768215,0.11098748626066957,0.12139735449289593
16:19:26,0.47179040159770574,0.7044919477365635,0.37431347450944163,0.3300158045523255,0.4300650105220955,0.0836562536905932,0.11145953794552896
16:19:27,0.46874392577754764,0.6909246943016262,0.4087875525747685,0.33101265334794416,0.4611071974566554,0.05692713969870099,0.08425385736789556
16:19:28,0.47680292972424576,0.6692677559441877,0.4447554582212132,0.34584190361940886,0.4852271725917865,0.03936553309828546,0.055100812302968025
16:19:29,0.47687266873329276,0.635089341272196,0.4886687677770234,0.34082779460425106,0.5108308787200082,0.016257182279150788,0.03651283365885877
16:19:30,0.475895096570241,0.5905572338656231,0.5235393749618025,0.3371122538059392,0.5281077061257994,0.0019086307361699181,0.0021517396804741247
16:19:31,0.4566894517264729,0.5521042387602471,0.5591161018969446,0.34339942314559985,0.5428595731014876,-0.0055485614099398395,-0.006751696216426822
16:19:32,0.43259660588092474,0.5081968619707831,0.574968281601439,0.33068146801741316,0.5539218403155385,-0.0019259133845865237,-0.004223899796639202
16:19:33,0.4181650391237717,0.4542236685411231,0.6136950868982163,0.3181750022232779,0.5618758302813092,-0.006839840092587899,-0.005894727810125301
16:19:34,0.3801421845949487,0.3999940506673081,0.6442638437570142,0.31547053065890746,0.5657760170707902,-0.013405081326754473,-0.015713325741094773
16:19:35,0.36287379268106035,0.36047246196861105,0.6658624149332473,0.31037912692445485,0.5578486785321914,-0.015437223070454097,-0.020845737715912242
16:19:36,0.3671390095100903,0.37607793232318276,0.6711035361161771,0.2794728985750467,0.5466417953156951,-0.012826827882205434,-0.02034899643641412
16:19:37,0.32379066936650025,0.36985224250152515,0.675894082284674,0.267860920424385,0.5387008059051157,-0.0025414869105308876,-0.013670028954984457
16:19:38,0.3135362070416999,0.363292758042152,0.6601046586580971,0.2533280043730732,0.5335071043382518,0.003452701982593471,-0.023024478766791794
16:19:39,0.2820525658019505,0.3552417414798062,0.6650728173951711,0.2327073256303054,0.5332864995415566,0.0011983699485446937,-0.0064543619488860214
16:19:40,0.2809021615035028,0.37078797492965376,0.660655422687882,0.22447182319784575,0.5438961607217728,-0.00944502535494364,-0.010896276532008777
16:19:41,0.2489562624277008,0.3672676684345695,0.6609644011226751,0.21989478629391696,0.5565845927572445,0.0032155005328537312,0.007257333525359957
16:19:42,0.2527330004642246,0.399823295633128,0.6645066940155079,0.19815413691243833,0.592698698601268,-0.010267807009578871,0.006849883555262448
16:19:43,0.22926172543310053,0.4196040761231997,0.6695448808173516,0.16315876906222213,0.6182908146391568,-0.004484789268551689,0.010951940259046056
16:19:44,0.2558923012695844,0.4315320664894917,0.665325768597441,0.1626635845537734,0.6436842863557494,0.004602810038776721,0.010209869540559295
16:19:45,0.24588707217756808,0.4349935859726198,0.6293072033902877,0.13878975149977607,0.6710744098137476,0.01749067814735158,0.0
16:19:46,0.22932116480053777,0.4296901962858088,0.6190410556300768,0.16271618173102698,0.6884142052265194,0.0,0.0
16:19:47,0.19577642535675138,0.4162760169457351,0.6010189540913131,0.15843442680133657,0.7070837048234218,0.0,0.0
16:19:48,0.1812915244566443,0.3979058053648148,0.5678071341178197,0.186255143570097,0.7172660211641945,0.0,0.0
16:19:49,0.19551987490167566,0.3861320483733851,0.5456954536209314,0.19253956134716488,0.7209474356051778,0.0,0.0
16:19:50,0.18589629409261238,0.3543099767066665,0.5049298944879415,0.20793651038433025,0.7699015146383497,0.0,0.0
16:19:51,0.17509307753216022,0.3398600413389016,0.4759109711951969,0.2276530770619402,0.79321726467744,0.0,0.0
16:19:52,0.16114795553258088,0.3070153388437343,0.4470685595803975,0.22662942018506077,0.8189311257988704,0.0,0.0
16:19:53,0.14478783196882167,0.2970510649973137,0.4160125344513752,0.21451752846672495,0.8375571697827666,0.0,0.0
16:19:54,0.10889546992783727,0.2660592079397025,0.36812927782341054,0.24607334934146208,0.8415027400132469,0.0,0.0
16:19:55,0.09772177043876253,0.2867675662827814,0.35487770058576396,0.25795576981064866,0.8457033326952063,0.0,0.0
16:19:56,0.08791635564185266,0.29063056055186737,0.3642628888372153,0.2502290403726727,0.8353598100481201,0.0,0.0
16:19:57,0.05800024716646018,0.29670822336919833,0.3308720034913434,0.2806382669728428,0.8219359564329103,0.0,0.0
16:19:58,0.07755851629932463,0.3025766771438332,0.3491826711730984,0.27517959615355225,0.8002581809681334,0.0,0.0
16:19:59,0.10248314672594863,0.2939921992341609,0.37411493439506355,0.29330714450493844,0.8105908476602843,0.0,0.0
16:20:00,0.10450330841712632,0.31934114558469334,0.3838020933613262,0.3058145295024014,0.7962308586915021,0.0,0.0
16:20:01,0.10543329601756234,0.3329575515702899,0.4026056200847899,0.3097938514188074,0.7728547245708073,0.0,0.0
16:20:02,0.09822871620946333,0.3525695043483723,0.4277950757931025,0.310917441420621,0.7475235936667807,0.0,0.0
16:20:03,0.1272223555264249,0.36609130817257723,0.44031328882679543,0.32230846607139035,0.7199833568617453,0.0,0.0
16:20:04,0.15212223124877072,0.3786094635721889,0.4612504876721278,0.32957748063130127,0.6924404349709447,0.0,0.0
16:20:05,0.18907476536524231,0.3639302388966815,0.48495666682012933,0.3470616078191736,0.6631329290527052,0.0,0.0
16:20:06,0.22393299222574972,0.3885101492984415,0.5072722484633387,0.323431034064241,0.6409626065420464,0.0,0.0
16:20:07,0.21240391376530035,0.41002892420500375,0.5265920488044391,0.2903008144293634,0.6172049561286207,0.0,0.0
16:20:08,0.2411733662443484,0.4132336749915586,0.5593409451967829,0.3002336983750785,0.5942230209231951,0.0,0.0
16:20:09,0.26789734702392515,0.43198083682845306,0.5669671147264211,0.2855966220730033,0.5820096901018725,0.0,0.018961186289610122
16:20:10,0.30264893367569357,0.4053726271090602,0.5934081943745737,0.26431363314307665,0.5665438041945547,0.0,0.016415116065836552
16:20:11,0.31456254768800695,0.4257302155772092,0.6102132155046146,0.2491942835108724,0.563066196145026,0.015900616497592345,-0.0018551767962169232
16:20:12,0.3205580341145787,0.4353473091709261,0.6188224044084516,0.21962481264814146,0.5656615324129134,0.0041843727625242915,3.871102775482825e-05
16:20:13,0.34373687606824405,0.42582642046239233,0.6465659189462144,0.2109852931399075,0.5511806509981577,-0.004077081153228808,-0.0173230075907986
16:20:14,0.32767209624849564,0.420360217193259,0.6408693079162476,0.22103064040328685,0.56104479479177,-0.009334370008708064,-0.027174139572273902
16:20:15,0.35502288111488806,0.4312754304575435,0.655751560478826,0.21020208654929196,0.5674318594601755,-0.012013760467871237,-0.030653273242172097
16:20:16,0.36435576651130464,0.44783946476078856,0.633759460076913,0.19929727207974585,0.5706735759330164,-0.012517161099592795,-0.028830849202832517
16:20:17,0.3649210379217265,0.438668264034884,0.6337653666406678,0.21358754566580498,0.5779558840352863,-0.011222122377663932,-0.02270916033343285
16:20:18,0.4020543484526672,0.447895764311026,0.6250902756879759,0.2152107952448996,0.5803177565758324,-0.008481836680792523,-0.013222351789989196
16:20:19,0.42334413037773694,0.44412684062354957,0.6166274452137522,0.22095023430167554,0.5845262426584649,-0.00462513829260311,-0.0012364210053560304
16:20:20,0.4394571249365679,0.4603293718080948,0.608016531005803,0.22467564746467447,0.5846651503246489,4.3496598363012965e-05,0.01245078231077385
16:20:21,0.4449388272418682,0.4559443029315681,0.6018541980874013,0.21771053845758914,0.5768424954473386,0.005243949898647883,0.027109556171869238
16:20:22,0.45893141837570045,0.4900631508798376,0.5894328328859121,0.21245757264351509,0.5832344533882962,0.010720461609876835,0.04207834631456055
16:20:23,0.48042048892887357,0.5213293209164909,0.5633998877895529,0.22134862730445792,0.5797836904158277,0.01624162982875852,0.05676374619863984
16:20:24,0.5091075598734698,0.5481130050912612,0.5271900610947451,0.24705084044068637,0.5729180503964701,0.02160041074708485,0.07064049700706082
16:20:25,0.516392187691282,0.5519175218991824,0.4867281977150838,0.26579700356051955,0.5573424112472046,0.026614118651731078,0.08325148764593879
16:20:26,0.5395495942860191,0.5944099512326817,0.473783140831941,0.27876010174985355,0.535709129012,0.031124425924655755,0.09420775474455065
16:20:27,0.5453237577459474,0.6211614888034107,0.44931550232610695,0.3327422946648277,0.5173635247500037,0.0349973630429007,0.10318848265533503
16:20:28,0.5411714969289093,0.6547038659628581,0.41039546110959857,0.37479987900393924,0.4931295591977557,0.03812331857859106,0.10994100345389207
16:20:29,0.5467555436360436,0.6827145290172238,0.3930472626665162,0.40971835126262124,0.47511581014816595,0.040417039198935294,0.1142807969389836
16:20:30,0.5352903719326378,0.6754851186038737,0.3662772637226186,0.453465141043284,0.4733029755052617,0.04181762966622514,0.1160914906325331
16:20:31,0.5112430344990189,0.7098632589475318,0.3489142198556827,0.48343177880041127,0.4592234551613477,0.04228855283783564,0.11532485977962559
16:20:32,0.4766204780386743,0.7235166381341864,0.349441811797633,0.509255536015599,0.4511685013463232,0.04181762966622514,0.11200082734850782
16:20:33,0.4372541902322145,0.7213943606702498,0.342400049462373,0.5467535673632874,0.44029450806850257,0.040417039198935294,0.12079299194567283
16:20:34,0.3796154771765792,0.6786757403007714,0.3285597653154049,0.5852724970707635,0.42633269795373985,0.03812331857859106,0.11214915460075486
16:20:35,0.31143614552586896,0.6900797060124728,0.31355757012088814,0.5983977242825608,0.4184337825942767,0.04665781514113509,0.10143822285211465
16:20:36,0.27709637295579564,0.6789938712999148,0.2863522253709619,0.614172641261724,0.3949400827592724,0.0341929659505069,0.0828337436989234
16:20:37,0.23341989337459357,0.6630396093702151,0.27432951271970973,0.6589633094853666,0.389550468201627,0.023624259139363286,0.04548661912009391
16:20:38,0.21117092671268697,0.643146460100198,0.3142904804232518,0.6723827900103102,0.39474816126842854,0.01475520607403227,0.03365481721753545
16:20:39,0.1845997840042693,0.6134827390058445,0.3154284945746343,0.7150032533450423,0.4087065868455903,0.025452237516257605,0.01688083650648012
16:20:40,0.1737910565194179,0.6141500675584363,0.32407954547553863,0.7536453094311534,0.42284386977187405,0.021654095215375584,-0.01890683480080193
16:20:41,0.15778922727311367,0.5863567186797478,0.33737528449601417,0.7438408871741775,0.44178606020484523,0.012869232232653925,-0.03084424528136953
16:20:42,0.15642644102660602,0.5667843377324844,0.3541716456405437,0.7319856488173426,0.4627686094480535,-0.004182323589445923,-0.03695409149630185
16:20:43,0.20090970870898106,0.5419742336310361,0.3668706039340089,0.7333463155687338,0.48077088112888716,-0.014170012505566815,-0.05211851153280506
16:20:44,0.2127212934076939,0.5166705830371225,0.38090375110554586,0.7381515386513701,0.4985477298881915,-0.02068698218146117,-0.05292422284990572
16:20:45,0.24333627538400207,0.4697772710195392,0.39739047938958466,0.7146228815653947,0.5075943503299971,-0.027917392729616814,-0.023782464807042346
16:20:46,0.28387347630125065,0.49291127151590924,0.40298372754580325,0.6774578748620013,0.5141578329369906,-0.031708962211190656,0.0016452896113764437
16:20:47,0.3206240513388487,0.4935715986314975,0.4136848532631825,0.6600823518496645,0.5127157135475217,-0.03949502086062753,0.031009486811509078
16:20:48,0.3990127284229576,0.49148434155762255,0.4164332180939938,0.648823304840363,0.5031713550867074,-0.033422766850337425,0.06540630677122675
16:20:49,0.45572107171668574,0.494988595325987,0.3992980492920503,0.6107956333731746,0.48835178868810974,-0.024653955723396886,0.10860601976227877
16:20:50,0.4994096104421081,0.4680129865894326,0.40879157235274566,0.556247896075299,0.4641258119163307,-0.004509914192554532,0.12781672342234254
16:20:51,0.5350611577215744,0.5070168869048534,0.3884688178851759,0.509618563275088,0.4366051973365498,0.01190739678600719,0.12925167956966144
16:20:52,0.5626111033089652,0.5188722704132294,0.36552017233760503,0.46071606997535336,0.39998382994542603,0.018404061605391542,0.16396718722305573
16:20:53,0.5888402848132548,0.521905924677032,0.3323627090050605,0.41583436433792786,0.3516859176623119,0.04848035805421877,0.18540483895596496
16:20:54,0.5869253329550237,0.5340764720419433,0.29432737059105496,0.3726236605901007,0.32914930494268146,0.0849160923875504,0.21144489141630257
16:20:55,0.6179582139595544,0.5472730245846078,0.27371909635336455,0.31870275344041343,0.2913847500031781,0.12551739284306226,0.23210244412150824
16:20:56,0.6086052034721108,0.538211427256824,0.2230559580823235,0.2784963856412053,0.24621531236267,0.1707489158602303,0.256895781599572
16:20:57,0.6266686456705561,0.5502559852998619,0.19808446782974695,0.23478497823415956,0.20446000029187233,0.20960463016205816,0.26829397743219857
16:20:58,0.640206197920535,0.5584120771587181,0.16055591625111457,0.19512140090705843,0.1608179689200209,0.2540227571239267,0.28041822226385404
16:20:59,0.6072683652095774,0.549686848223794,0.11388929781645613,0.1590649624879395,0.12120084931723529,0.31092257129294515,0.3023101832846996
16:21:00,0.570048651869602,0.5376815886978803,0.09317488391091452,0.11550693443668164,0.08064993261102159,0.37323353628471917,0.31871737863329813
16:21:01,0.5245206561147049,0.5245829930118936,0.06562077594640967,0.08071617096664482,0.04612725022038866,0.42919470352697403,0.3314896563546801
16:21:02,0.4877347865154367,0.5112899849953099,0.04200334929974058,0.05588108314930694,0.020334712328646316,0.4767063955576185,0.3388009926208505
16:21:03,0.4509385330430507,0.49308755516408065,0.018586568934568976,0.03909312337037337,-0.00463646967767798,0.5359449928228853,0.3197128857039764
16:21:04,0.4165804915948106,0.4684785657206388,0.001140926398856084,0.016535786021807254,-0.025462205865771373,0.5890193874908929,0.33126296720062415
16:21:05,0.3877898767293138,0.4234181905411334,-0.0046202268343598744,-0.0019136256079412273,-0.040551474533504224,0.6195874435929316,0.33256560894867926
16:21:06,0.36837652166649115,0.41837513521978664,-0.014572559677652771,-0.023096053996188498,-0.048858072043000605,0.6799276679280433,0.3364113122301542
16:21:07,0.3292312105415867,0.408022888898131,-0.0165730147372368,0.005310593512959979,-0.050052886073556235,0.7255280292114489,0.3397492472933195
16:21:08,0.2938521053950278,0.39709045902071727,-0.021127554654565853,-0.002925006282483723,-0.04505777969294216,0.7681378285929725,0.330049667005325
16:21:09,0.2880849284707304,0.37295608495059,-0.02144503345236851,-0.0035270466659283635,-0.03483203953242828,0.8004539968733704,0.32706234189960026
16:21:10,0.2679296342087931,0.3651830987406329,-0.024236615876335226,0.0019516258968247792,-0.017641799639403266,0.8170440312330467,0.33334251900104706
16:21:11,0.2622046993857282,0.37138986082117414,-0.026125329872790048,0.0019531407680983917,-0.006400547903169277,0.821292257001968,0.34295440394505444
16:21:12,0.23804786099178593,0.37229717753074576,-0.0019762965524956714,0.002625257403389916,0.007754076804161129,0.8111871208263262,0.34885770563604057
16:21:13,0.2149157410077013,0.35199333850393133,-0.0015259937727788008,0.0033616535645430894,0.018523354627428094,0.8161229279342894,0.3733496450457421
16:21:14,0.17594801329917786,0.3392314904719429,0.005584463606724821,-0.010631103536556741,0.02171682626539715,0.816651382606668,0.37503232458017
16:21:15,0.13433923941585799,0.35441889835602,0.004693379622479322,-0.02176886348098738,0.016878816188988347,0.8101931945559986,0.38803249434065096
16:21:16,0.13916338377488774,0.3557689037141973,-0.0018720452639914434,-0.01569823909368048,0.0,0.7829491549448038,0.3897401389118362
16:21:17,0.1077238096523763,0.3483670037995325,0.008025325382106287,-0.004273243227823839,0.0,0.7637868735246283,0.3893998938631096
16:21:18,0.08330462286789493,0.32967867411741825,0.012233447287336816,-0.00042960660788678986,0.0,0.7472141604770113,0.4173237174999914
16:21:19,0.0707260135791283,0.31496493176479196,0.0,0.015602774990188046,0.0,0.7330628579526812,0.4338438008021801
16:21:20,0.060532995019685495,0.30451421451103666,0.0,0.013927309219429605,0.0,0.6926549240416697,0.43752774707800146
16:21:21,0.03938907710888588,0.2924996331455579,0.0,0.0,0.0,0.6522248777488389,0.4738111311537373
16:21:22,0.02881998202475608,0.2865263147409237,0.0,0.0,0.0,0.6211695405322348,0.494128477231606
16:21:23,0.028039552146197785,0.2929785886789308,0.0,0.0,0.0,0.5865138996539552,0.5215718088812936
16:21:24,0.009602270237554052,0.2894720237208261,0.0,0.0,0.0,0.5492410458983797,0.5631036759497898
16:21:25,0.00013862946364356053,0.27729691508814813,0.0,0.0,0.0,0.5063212285394864,0.6090069779954485
16:21:26,0.013050483555309139,0.29329843848341275,0.0,0.0,0.0,0.47926868028610714,0.6301882408401508
16:21:27,0.012721278745105927,0.2790345944261543,0.0,0.0,0.0,0.4524100205364087,0.647703860767933
16:21:28,0.00760637657971994,0.24713088887223242,0.0,0.0,0.0,0.42595015371035394,0.6680365813126196
16:21:29,0.011499369695629865,0.23818348354170588,0.0,0.0,0.0,0.4008550715962106,0.6918328482649981
16:21:30,0.005001217706834735,0.22373202652297583,0.0,0.0,0.0,0.3820166722913869,0.6978120410668933
16:21:31,0.013294352488911637,0.21681143816715404,0.0,0.0,0.0,0.363552765810588,0.6958371550426887
16:21:32,0.002208531420103285,0.20276327239562497,0.0,0.0,0.0,0.3718384618304954,0.7215557180034013
16:21:33,0.0007833717419652442,0.1839730019258601,0.0,0.0,0.0,0.3750722631543641,0.7324849393992354
16:21:34,0.006094112163314354,0.1729826206393712,0.0,0.0,0.0,0.38596152700756237,0.7199488941139844
16:21:35,0.017565676102267273,0.16597707625302827,0.0,0.0,0.0,0.4002333634389118,0.7061982216177481
16:21:36,0.012935807036775545,0.1470327843032882,0.0,0.0,0.0,0.42295196218292186,0.6916609864338829
16:21:37,0.023038103582637574,0.16086707443109896,0.0,0.0,0.0,0.4378521859158966,0.6648498994382929
16:21:38,0.024365872919482792,0.16299761763819917,0.0,0.0,0.0,0.4641166724660451,0.641081422972552
16:21:39,0.03900081665255961,0.1625154569643374,0.0,0.0,0.0,0.5083610417943492,0.6401985230837708
16:21:40,0.048005745112964696,0.18999787220688302,0.0,0.0,0.0,0.5459939217275309,0.6282388429747001
16:21:41,0.05128734226864122,0.21982130523376123,0.0,0.0,0.0,0.5775350192887425,0.6086962789953144
16:21:42,0.059465045568298465,0.24230684902754077,0.0,0.0,0.0,0.6174279792508975,0.5710048958102922
16:21:43,0.05567471506214138,0.26905604039980896,0.0,0.0,0.0,0.6634123413925331,0.5349793606355675
16:21:44,0.04659759396005976,0.2833919563571669,0.0,0.0,0.0,0.6956242338277887,0.5249814471239032
16:21:45,0.06297424249780284,0.2843140983385831,0.0,0.0,0.0,0.7223954944125096,0.5010624297427767
16:21:46,0.07308408088331107,0.3101644177802683,0.0,0.0,0.0,0.7788752603201512,0.48542361489805763
16:21:47,0.06633491276148043,0.34131038353256177,0.0,0.00895327021249046,0.0,0.8037667815759257,0.46184942653298466
16:21:48,0.09019440301349144,0.3555530534558059,0.0,0.013299009555395182,0.0,0.8299426059487591,0.4386530711576204
16:21:49,0.1124247623113567,0.3777256622815878,0.0,0.0005839964825960862,0.0,0.8263429724568954,0.4340787919318784
16:21:50,0.1226169650730467,0.4048720807150616,0.012670356119027415,0.0033784532148346397,0.0,0.819776468210391,0.4153606741302543
16:21:51,0.13778602391766365,0.4091685173383218,0.02168447517285453,-0.010178030030557568,0.011886490273935455,0.8137505622421345,0.4127710606501126
16:21:52,0.1318872524204783,0.4239525541307476,0.013085448990161248,0.004133711791115325,0.01810500150145747,0.8190613132499571,0.38889195127080106
16:21:53,0.13350327913576815,0.42776320882723384,0.009016182725771673,0.0016501937266373808,0.01896095713036057,0.8238801112863536,0.38169026373952936
16:21:54,0.13411534582837956,0.44535564057079874,0.003321383052646884,-0.005554788040936804,0.012954830695317492,0.8159345457777641,0.3701143453361301
16:21:55,0.11935550548713886,0.4380016743505509,-0.011579988354838583,-0.015224946138167397,0.0006665920507636161,0.8027241165616398,0.365773230746335
16:21:56,0.12332084566915645,0.435155713199764,-0.0278834190126461,-0.026828509345207613,-0.016662165318371933,0.7888492268649812,0.3563314106946065
16:21:57,0.14187462131312548,0.4234253949672969,-0.03586512575338116,-0.030652885026995487,-0.02649253599339574,0.7663629611736644,0.3509949811410811
16:21:58,0.18467983825335393,0.42152466712002845,-0.048146263251060945,-0.03031478148194564,-0.03936903386372531,0.7386327971352237,0.349813142152871
16:21:59,0.22713453669218453,0.43643019184989873,-0.04367098745923172,-0.02456534608898115,-0.04586153656089471,0.7020913080724054,0.35142165362793826
16:22:00,0.2608629273406091,0.46087424415573597,-0.04227171961072919,-0.015223322413868302,-0.048695261621940496,0.6619469506595932,0.34438537904531397
16:22:01,0.3040364184721408,0.48614712208434063,-0.03146029633820256,-0.005324306877605281,-0.044801167578200525,0.6206325573046069,0.3445588959516727
16:22:02,0.34058916489443997,0.5230458153721911,-0.01634690322201434,0.010344436069819975,-0.04899895956252095,0.5803727534757986,0.339036119703158
16:22:03,0.3724399276017079,0.5672518334375901,0.00302768561725264,0.037500656519823206,-0.01825473621960859,0.5346660349544698,0.3402126920055032
16:22:04,0.3892584983057068,0.6041942667436561,0.03683713914280334,0.06975269529920815,0.010298361758943494,0.47146448194416807,0.3259149107435115
16:22:05,0.4197711109226972,0.6329029877156629,0.07013331735092104,0.10360396644705677,0.04444360895598547,0.4127634543051145,0.3065632242275948
16:22:06,0.4401418163472949,0.6637959552719987,0.10409516388655518,0.13653684159382656,0.07939264481424524,0.3683473281867708,0.2844475945650133
16:22:07,0.44025495330104447,0.6705114579367911,0.1416113095299841,0.173630901825907,0.11894820976520558,0.31833359582735543,0.26177163326767533
16:22:08,0.452191560955183,0.6811450527619309,0.17742084893828455,0.21348423809707587,0.16078867287123938,0.2637373711735541,0.24504336809924576
16:22:09,0.47139392856935514,0.6994733939131476,0.21569716686692775,0.23694190184446334,0.20397438706811213,0.22205444563950394,0.22565598811240262
16:22:10,0.4583865699862689,0.7136946234518451,0.2568916696422111,0.28477529273385005,0.23845602435330432,0.1826027119491735,0.1954292041166143
16:22:11,0.4750574844166898,0.7294935458539527,0.30258160021817737,0.3205927488707038,0.2693140329022578,0.14949196069776047,0.17574268405691992
16:22:12,0.4547256689912771,0.7296879649406187,0.3490086813182056,0.34762057415326125,0.308271378664528,0.12099178121145429,0.15384126841874446
16:22:13,0.45191458747911695,0.7421677830274497,0.3935412650940321,0.3738077940400405,0.3451734256721894,0.08943787954047266,0.12165121643586443
16:22:14,0.4545114401894134,0.7455072080624054,0.44561885394288214,0.3986029500320284,0.3783485909792599,0.06703767267450976,0.08830193793029215
16:22:15,0.4512199676693522,0.7300928017921198,0.4949044194803229,0.41041311325805135,0.4083018152244764,0.04770212336024783,0.0591602035313608
16:22:16,0.4346467118731753,0.7033632088543501,0.5414599754466807,0.4264308117924444,0.43055733212482405,0.03353187565085294,0.030925911422682452
16:22:17,0.42852248694577194,0.6733930717842667,0.5773122503934931,0.4201466238162084,0.4522313675454884,0.014696669318546157,0.006148261693536255
16:22:18,0.4348128725611739,0.6307968606343508,0.6109476609451817,0.43086918203647956,0.4684915128053388,0.0024195353366016567,-0.012813970840067194
16:22:19,0.4408419158846038,0.578556043335731,0.6413722422983961,0.41963724003530295,0.4778753962049404,3.2119821413219285e-05,-0.010907241405498775
16:22:20,0.42523731619037897,0.5571323318458078,0.6712045391797287,0.41102269020167437,0.4936977684343447,-0.004457889038941988,-0.015299491909342815
16:22:21,0.4048621683336588,0.5433057740388143,0.6801307290762424,0.415444935079438,0.5069806044666764,-0.00023851279163129152,-0.020936211221915555
16:22:22,0.37469600302851575,0.5107515527167681,0.6932825196747268,0.4171752295144758,0.5114520497559135,0.011190389192680304,-0.02731475299168851
16:22:23,0.3486175896840699,0.4809067689768028,0.7201308903454455,0.3901247234945467,0.5086709685615318,0.018115695268096126,-0.021127665006228417
16:22:24,0.32267501056507825,0.4471426745273419,0.7229057761494901,0.3690920330260099,0.502732492414352,0.02759838223328164,-0.02167513434194763
16:22:25,0.3075004813519734,0.4229609775728419,0.7400752890208223,0.36389779644296755,0.4989057625190878,0.035828931010405254,-0.012731565825877072
16:22:26,0.2886625616348642,0.409693912860704,0.7478812901639665,0.34778856158509086,0.4968672506085323,0.04132722968445874,-0.006783783987714984
16:22:27,0.261852889334542,0.3988392312096135,0.7262524743747748,0.3412772003680248,0.498406732537391,0.03910805256779801,-0.003067587388572401
16:22:28,0.2810130741215057,0.3962310431465005,0.7220004908088902,0.33976397398460284,0.5083904854851792,0.03306188040667447,0.006214104133322849
16:22:29,0.2673020127643819,0.395591307914628,0.7049404959718357,0.3155501324576069,0.5246890745833133,0.015690672916160026,0.01073345259392131
16:22:30,0.2498225538498633,0.3837658175542323,0.7114009883190251,0.3280490148242887,0.5573880374731383,0.014834079905730593,0.003454467137783212
16:22:31,0.2464383985938975,0.37247608683295363,0.6988747240432052,0.30910036693458126,0.6054408583647193,0.01550392752052139,0.013126975123576237
16:22:32,0.23572953536092406,0.3505734099826482,0.6648236256879302,0.3187374397594055,0.6400753721207287,0.018116739186456877,0.0
16:22:33,0.21131238105153244,0.33603836350187233,0.6285753328917416,0.30379635207517397,0.6780342359362668,0.004195159918918306,0.0
16:22:34,0.16254909363252817,0.30963203955361884,0.6022504921554159,0.30552208677791526,0.7143602670155713,3.4797278690410375e-05,0.0
16:22:35,0.12054805205688379,0.26591253214914934,0.5595743446345485,0.2985787513996545,0.7392336298156049,-0.003700110634082488,0.0
16:22:36,0.11124715591537196,0.23523007479295444,0.5031717694927814,0.27950321414268936,0.7698935085160997,-0.006785469344634019,0.0
16:22:37,0.09651603227896831,0.1921984512806018,0.4731396602977641,0.2570899498209574,0.8021460101431743,-0.008977697902131146,0.0
16:22:38,0.11913833014234015,0.17671190155730562,0.4314902626078963,0.23719949648226663,0.8157343129777531,-0.010013728879674236,0.0
16:22:39,0.11612306521555975,0.15174118543070336,0.390565503268949,0.2205260642976809,0.8291716093635708,-0.009611008374296988,0.0
16:22:40,0.1071974672372078,0.1154437233098811,0.35161150548593056,0.20403203097044692,0.8302611414413918,-0.007467496006966451,0.0
16:22:41,0.11806150050623623,0.10112958861145349,0.3187514858040667,0.18812090559555256,0.8238899040384884,-0.0032616649225830465,0.0
16:22:42,0.12595166083542358,0.07450838267231466,0.2707714251670477,0.19112142412903604,0.8148860368675568,0.0033474982100194337,0.0
16:22:43,0.15173390371920661,0.06959391683807267,0.24180667525480923,0.17983716917795067,0.8293931650679266,0.012720493198073878,0.0
16:22:44,0.1694374137653204,0.06577871868527399,0.24573339809393702,0.1691205827556143,0.8173357108455422,0.0,0.0
16:22:45,0.18384115916736898,0.03922186952268353,0.24431695024289482,0.17650787217528113,0.8037819123746527,0.0,0.0
16:22:46,0.178729563868591,0.04010020607485407,0.2269194773162198,0.15529874002325608,0.7846110069720502,0.0,0.0
16:22:47,0.18413197000837844,0.0152149373292359,0.2364209270550599,0.15659188977838104,0.7645331177498148,0.0,0.0
16:22:48,0.1913624244878427,0.02033415350781643,0.24265707409274512,0.13741458703721657,0.7461598504567523,0.0,0.0
16:22:49,0.21039455710478033,0.0030111983192676432,0.25116980187047244,0.11945689476126706,0.7216575497457749,0.0,0.0
16:22:50,0.2080458862932613,0.029887198033212402,0.25355441198568696,0.14061003412637743,0.701467771352226,0.0,0.0
16:22:51,0.2217938784870891,0.059990488929107695,0.2648638973029331,0.1278021936122627,0.6871575446241573,0.0,0.0
16:22:52,0.1936461964823358,0.08371630263250661,0.2700645431594805,0.1373328142253945,0.693433471598428,0.0,0.0
16:22:53,0.20109726232818578,0.10740367737499776,0.2705002740780341,0.14268323978176456,0.6955634758554892,0.0,0.0
16:22:54,0.19975471847287912,0.13683880841473664,0.28654444831195486,0.14134336486538057,0.6982608829563204,0.0,0.0
16:22:55,0.20398955892439713,0.16306969875111998,0.30034307337631705,0.1297717560687581,0.6994166721989273,0.0,0.0
16:22:56,0.18760386485860678,0.18616555509686,0.30140119845752966,0.11772640680973928,0.7070362316978062,0.0,0.0
16:22:57,0.1696724883055566,0.2088669153686866,0.3039211915609885,0.09229918967694181,0.713729630257511,0.0,0.0
16:22:58,0.18045394006829388,0.22186720411079053,0.31121974719354417,0.10604673114821053,0.7217385271923725,0.0,0.0
16:22:59,0.1837434022630323,0.2224040582330638,0.3106106094007818,0.0987195981436895,0.7118158173138687,0.0,0.0
16:23:00,0.1792812958440327,0.2510349330157491,0.2954444686172148,0.11432346771152435,0.7432858722316003,0.0,0.0
16:23:01,0.18168309177957873,0.2826884438351986,0.28353233319248156,0.12419571447456368,0.7622925769803621,0.0,0.0
16:23:02,0.1821383914691383,0.26981396845008354,0.29857390415072294,0.14058766482960694,0.7730927202835952,0.0,0.0
16:23:03,0.18801607794807468,0.2886866368570217,0.3207173059679069,0.13128325894594053,0.7823024083828798,0.0,0.0
16:23:04,0.17946369355904526,0.3063889929119786,0.3314198207463247,0.14175440598500416,0.7848457482105954,0.0,0.0
16:23:05,0.1822819341254433,0.31196481493393474,0.3707141711519697,0.16074580287683937,0.7783333544905653,0.0,0.0
16:23:06,0.19397951147815787,0.30694235333886793,0.3973397866295203,0.15322178800956962,0.7478116608820444,0.0,0.0
16:23:07,0.19014370406889483,0.30384896283543317,0.4130256442022927,0.17964431185345578,0.7427022374807704,0.0,0.0
16:23:08,0.2002975403146233,0.30780428646292557,0.4489044414503129,0.21427865050194278,0.7147685330055665,0.0,0.0
16:23:09,0.20119254469800008,0.2959749826087489,0.4797742221783002,0.22227810514828691,0.705028677756716,0.0,0.015071712178920865
16:23:10,0.21823259840850756,0.2958967734342726,0.5087563268544864,0.235648463326451,0.6966235471376091,0.005300205499197449,0.003966240047084429
16:23:11,0.2562740493824727,0.28191133929763557,0.5559604712750774,0.22708296387565696,0.6613095881807836,0.0013947909208414306,-0.003864541584338684
16:23:12,0.2774959051477275,0.27397453070143685,0.5744849321831504,0.23716099879552954,0.6277389088733808,0.007651322297559394,0.005737761656204033
16:23:13,0.28419743972788025,0.2685876789966062,0.6161177182434465,0.24235548180972716,0.6052813515529487,-0.0007403121041389222,-0.00025641844312183394
16:23:14,0.27306195108246156,0.26312878149466934,0.6772587935879117,0.26004079206670877,0.5998463795669756,-0.006314932809453402,-0.013685367955904243
16:23:15,0.3157421740803392,0.2605676878379637,0.7065167676455308,0.2641572035700059,0.5840171515534642,-0.009461863371465502,-0.021069403402156697
16:23:16,0.3542899094516836,0.25662223728383693,0.7299740599891734,0.26144877096498,0.5708443375606865,-0.010548505057681679,-0.023340994174210976
16:23:17,0.35760166491885703,0.27745588385309733,0.7716363839145457,0.25090875019763337,0.5514661285074518,-0.009920336850033424,-0.021376006091062393
16:23:18,0.40084987501336633,0.3200402073927492,0.7726255361393071,0.2482014545019864,0.5054916680489748,-0.007900915444877265,-0.0159937013983699
16:23:19,0.4232990094307442,0.34195844408384135,0.7579210169909604,0.24231994712826532,0.48847167531078217,-0.004791875252994758,-0.007956738768455974
16:23:20,0.44377459961706156,0.36030235336738375,0.7457131419720711,0.24423867945495675,0.46770495031329384,-0.0008729283995924681,0.0020288266996933545
16:23:21,0.46494207583275815,0.4120644893676078,0.7211584518342912,0.25022586678862707,0.44878583890059903,0.0035981352756979854,0.013313543480428486
16:23:22,0.5079974681507854,0.43742452365552564,0.6860468329978978,0.26881492777919525,0.43495653733481426,0.008385448218819973,0.025304563621436203
16:23:23,0.5481539267417441,0.4883441505367762,0.6616445722566949,0.2853073676190815,0.40348908079394286,0.013275065161291823,0.03746564274373979
16:23:24,0.5705726255075859,0.5131483633461731,0.6345811414722482,0.32178678924184617,0.3944770774374035,0.01807496312020685,0.04931714004169896
16:23:25,0.5744671248076453,0.5248078856542743,0.598398554981514,0.3616354883741225,0.3763718215898241,0.02261504139823333,0.06043601828300979
16:23:26,0.549551146828698,0.5607681876938034,0.5811311419912026,0.37245409910896354,0.3593173938550663,0.02674712158361451,0.07045584380870486
16:23:27,0.5633037982727892,0.5775846293440745,0.5751238006628463,0.3981105758322493,0.3371433602032634,0.030344947550168616,0.07906678653315319
16:23:28,0.5787808758315508,0.5999398657666928,0.5308220586464293,0.3959488303352789,0.3180350152757869,0.033304185457288825,0.09525312095694714
16:23:29,0.5771525325979887,0.6165515850181831,0.5070225614217123,0.448508891730822,0.29354449252443715,0.044287762823619105,0.1086083546005693
16:23:30,0.5507110053339908,0.6447061646231583,0.4798171284942975,0.4882057197264546,0.2834688483691794,0.054671174125736174,0.11183880139312721
16:23:31,0.5262364020164979,0.6578982074898546,0.45626234584452147,0.5433069719384195,0.2605866370756628,0.046858653434643356,0.09014101320878071
16:23:32,0.4978959499664503,0.6537044634204534,0.42643464614435855,0.6143016197863569,0.27800306581888,0.030313485010686016,0.0741653994184319
16:23:33,0.4697837525122128,0.6351337040771231,0.39599352354420625,0.6588763441682431,0.2888826980658376,0.01887099919980418,0.06284952584623305
16:23:34,0.45706565896598117,0.628517143426687,0.38001701623688466,0.6882593256084794,0.29988115330623044,0.011714996832581568,0.05524937895002724
16:23:35,0.43878528974970116,0.6125867092305958,0.3660456631587372,0.7120203185923958,0.3031133607024642,0.008099511247092076,0.05053936582134816
16:23:36,0.4139684959311974,0.5902017018834248,0.3441754317481726,0.7152646152910327,0.3128976051302006,0.007348808288899758,0.048012314185420235
16:23:37,0.3743316767991862,0.5817314000021196,0.33881395732367425,0.7214231143069884,0.3132318188248294,0.008857386311058892,0.04707947240115862
16:23:38,0.3830308355267086,0.5562226723158097,0.33131912311684475,0.7382007248845086,0.3167436711113317,0.012089976174113922,0.04727050946116906
16:23:39,0.3862824724709162,0.5365386445666873,0.3216878506178375,0.7345683084897541,0.3142357836646693,0.01658154124609949,0.04823351499174812
16:23:40,0.3891269208910887,0.5460088044108578,0.3133893197705923,0.723024156054634,0.34793780384112605,0.02193727740254041,0.04973499925288301
16:23:41,0.3959712472192517,0.5434468923485372,0.31229638795377124,0.7083950248139528,0.3645663289945641,0.034192859625488625,0.0516598931382516
16:23:42,0.4044332365377385,0.5366300277683584,0.31293785368545496,0.6865427527020634,0.3867171102082802,0.03568695811334824,0.054011548175222523
16:23:43,0.4035335301644074,0.561562266854392,0.3177353969501396,0.6595351136083731,0.4125421581588915,0.03866412628490477,0.056911736524855094
16:23:44,0.4213321263521191,0.5850170009718892,0.3223668491506173,0.6309893480016442,0.42419893053019186,0.04283024014202734,0.06060065098189929
16:23:45,0.4288106678919223,0.5987234171417068,0.33065757549334623,0.6018110658856151,0.42745374293801985,0.047971151432108596,0.0654369049747958
16:23:46,0.43816504792129124,0.6180712490848198,0.33691002633617795,0.5663506283212344,0.4250300874121981,0.05395268764806469,0.07189753256567605
16:23:47,0.46495344365467617,0.6476904304880795,0.3477172609124064,0.5435996807480792,0.4462318512193208,0.06072065202833526,0.0805779884503621
16:23:48,0.49146020884551156,0.67112815343836,0.3510388405052384,0.5307620356708034,0.43633780152429347,0.06830082355688347,0.09219214795836675
16:23:49,0.5154759959639725,0.6766283643014129,0.39435013817797393,0.4977901669512907,0.45748395602019315,0.076798956963196,0.1075723070528935
16:23:50,0.5190892743361858,0.6919837326639122,0.4141661629130621,0.4517740150369603,0.4512719017158142,0.086400782722283,0.09776708567648335
16:23:51,0.5453011759026054,0.6889997597667044,0.4676536051585514,0.4189046075539025,0.4469932334452856,0.08685646275264493,0.1046212074065664
16:23:52,0.5227960125579565,0.678219636249056,0.48620469168422675,0.3935199595133711,0.46114121625047516,0.09285105761402068,0.11375411948601408
16:23:53,0.5023456509561416,0.6473213912816537,0.5598583784015122,0.38013348806371616,0.46811865295164706,0.08145902785723995,0.09701480077934939
16:23:54,0.49186586685185035,0.6237356324213194,0.6097124576722199,0.3786496247839625,0.49799127548885536,0.07738026483554111,0.08027656378257617
16:23:55,0.4874464839015526,0.5967492370066323,0.6513578316001881,0.36568622997013367,0.5204602957265595,0.07170246053299875,0.0691807738409157
16:23:56,0.4707084116898504,0.5642493965112654,0.68466273353658,0.34368878774841605,0.5435379488924724,0.0645817097422717,0.05676423385473846
16:23:57,0.4226902486688351,0.5755669247707997,0.704620606900816,0.32034870945828847,0.5659645366822521,0.056232160715967316,0.04341832774231148
16:23:58,0.41120212107179843,0.5503373148568719,0.6945012241959261,0.3029438454152582,0.5778093488757386,0.04692601516664152,0.029596256482256087
16:23:59,0.3836527111344043,0.532676620714766,0.6896422661072903,0.2939951772667965,0.636246477393131,0.036993528266798706,0.015813038113547846
16:24:00,0.3579851176278913,0.5012274379853509,0.7011054963123802,0.2864221767237686,0.6637168094787671,0.02682300864889186,0.0026455077355166125
16:24:01,0.338780997998354,0.4968084008229416,0.7010026075254303,0.2694596478357574,0.6698309607582468,0.016860818405322473,-0.009267682492153519
16:24:02,0.3337930857500885,0.46582507637321424,0.6730595983254172,0.281281697207442,0.6246300593463264,0.007611373088440567,-0.019226063349424168
16:24:03,0.30825490085284796,0.4471399644224445,0.6482491608028406,0.2742459788710538,0.5837187775396654,-0.0003628582894552694,-0.026467348555902704
16:24:04,0.2930594344945858,0.40959071483005627,0.6203752075904654,0.2718452798169223,0.5739500222127005,-0.006441353256117922,-0.03016743477084222
16:24:05,0.2773336624727223,0.36799312589659133,0.6067100473883781,0.2480754225682841,0.5737969058472455,-0.00994553587935177,-0.02944040159314158
16:24:06,0.2622113287173717,0.3381218875406046,0.5889810324168651,0.22984647157611746,0.561246361203173,-0.010138776767012633,-0.02333851156134533
16:24:07,0.28121254993073763,0.2983125256240258,0.530336531350413,0.19276337526267578,0.5311167161290715,-0.006226393067007783,-0.010852210153643786
16:24:08,0.26462819117394,0.26510580532054884,0.4668054636112021,0.1654519303980999,0.49025127732060747,0.002644351532704023,0.009089874212127005
16:24:09,0.23560147601562131,0.274639911356537,0.4163966138124748,0.16861673536054111,0.4403628751499824,0.01738424680411257,0.0192938386806559
16:24:10,0.22663710284251004,0.2640570822470452,0.39025450764130926,0.1518687449007775,0.3908703078026389,0.021611487880801337,0.01604408070659318
16:24:11,0.21858861535556273,0.2445545440042495,0.35327740798311014,0.16774883809227706,0.3419334404871559,0.009517867658335582,0.0
16:24:12,0.20651004485384583,0.24995212403934552,0.3288363106357177,0.1708521229530568,0.32625065225339644,1.7398639345205187e-05,0.0
16:24:13,0.17391933954616984,0.22671580441546846,0.2989103636841135,0.17103330881424622,0.30224623407627,-0.001850055317041244,0.0
16:24:14,0.1623524255402276,0.21734637448715138,0.28303773662929776,0.17684383796785513,0.28494390847174644,-0.0033927346723170095,0.0
16:24:15,0.15663979163700759,0.22254346510770523,0.26487470701311866,0.17118407932585278,0.2637860685057181,-0.004488848951065573,0.0
16:24:16,0.14273558119280383,0.21339546533647494,0.2525405180075576,0.15870082341574163,0.2530975802597541,-0.005006864439837118,0.0
16:24:17,0.10921648556365725,0.20922470756301442,0.24204590449941937,0.15568553110772176,0.2535630538951254,-0.004805504187148494,0.0
16:24:18,0.13307976155399742,0.20055365510562187,0.24708607529475432,0.17156503165497058,0.26143194774129996,-0.0037337480034832257,0.0
16:24:19,0.14492638656001378,0.19767362586338946,0.26346858363048054,0.161650816003154,0.27983816441835135,-0.0016308324612915232,0.0
16:24:20,0.1476330225621697,0.19943619517328637,0.27668787701794995,0.1516897088868448,0.30487089818620405,0.0016737491050097168,0.0
16:24:21,0.1326334187934174,0.19512643435384605,0.29313200893517527,0.132332686776642,0.31612071098168143,0.006360246599036939,0.0
16:24:22,0.15192229996545875,0.19677122081588347,0.3229958614056205,0.10438409189230756,0.36524684938580504,0.0,0.0
16:24:23,0.16386742904048401,0.18436996813261444,0.3534099902737155,0.11643037970630311,0.41719070060647456,0.0,0.0
16:24:24,0.17767943718034704,0.2175526107279348,0.37952568781826695,0.11820171354622692,0.462899175717554,0.0,0.0
16:24:25,0.17655554240925958,0.2430758074570036,0.4062560021116354,0.10636203300808261,0.5073346947326816,0.0,0.0
16:24:26,0.20473062305173478,0.2704171836200884,0.43264580840939293,0.09328676782320966,0.546670397693235,0.0,0.0
16:24:27,0.20753942251396676,0.2925292857072936,0.4713746311646119,0.07904029911362692,0.5817788363125793,0.0,0.0
16:24:28,0.23576507388199863,0.3067273364020875,0.5091561312895656,0.07830159950150327,0.6071394019996357,0.0,0.0
16:24:29,0.24390784855909245,0.3130076183311236,0.5658032430577278,0.06135866052967428,0.6248398284201642,0.015900616497592345,0.0
16:24:30,0.23412064024663976,0.31656823706075576,0.5913358215428985,0.039008543057598086,0.6287581286999485,0.0041843727625242915,0.01604408070659318
16:24:31,0.2557608720400269,0.3218798706870537,0.6119703376136406,0.026632649491421547,0.6208499528294062,-0.004077081153228808,0.004222126501735037
16:24:32,0.2780714930460609,0.3209980347983045,0.6356123200972859,0.02413947132565647,0.6010513009655849,-0.009334370008708064,0.01241639812258493
16:24:33,0.3137613887473128,0.315533780040851,0.6817982835733571,0.05065590932689762,0.5753256734457142,-8.829809467697514e-05,-0.005068520159425539
16:24:34,0.34200612135961017,0.33677589239187566,0.7032139735760758,0.06329231660618186,0.5680044735091503,0.011291919919170477,-0.004935354578607879
16:24:35,0.3537351311033714,0.34823463508156727,0.7257673507829229,0.0762429783373357,0.5626208389756692,0.0028202034469304287,-0.019327433752612654
16:24:36,0.3615653357571748,0.4006078375496185,0.72923899252548,0.09999653484538332,0.5597030091668437,0.002956521786200178,-0.01507401746229611
16:24:37,0.3616439393525112,0.4456643080284134,0.7236680731934635,0.13942872541245332,0.560608698133492,-0.0063596569784813975,-0.02520773285320213
16:24:38,0.3924151642247107,0.48078346874582034,0.7078765819110193,0.18566268557897406,0.5675250946556764,-0.017273746112449043,-0.013858379473215332
16:24:39,0.4102251853245845,0.5230543567541905,0.6989252914425026,0.237649295326411,0.5834688622427044,-0.013662668182260349,-0.0038910612096284183
16:24:40,0.4201153931728218,0.5670191401679038,0.6889974602548377,0.2784232046591716,0.5679507486714678,-0.02220046082036925,-0.003865534629485012
16:24:41,0.4422155495894916,0.619539740097501,0.6544918491759599,0.31506999083256365,0.5313919590972511,-0.024632848596294867,0.00351542415010893
16:24:42,0.4423776715326686,0.648649131883271,0.613603877644569,0.35934855092596474,0.4710791955671907,-0.02121561084023339,0.009728056448661433
16:24:43,0.42222080463728107,0.6832171555346337,0.5879855470830281,0.37210784420011905,0.44555922133845616,-0.015725305874368017,0.0094423431737251
16:24:44,0.41792652824998,0.6943453375939382,0.5494948165608886,0.3966418176376305,0.42913688418106966,-0.00494290510842221,0.014492252603132881
16:24:45,0.42082739587007717,0.6861640314718855,0.5047469195594468,0.3993205031297032,0.4269363422296011,0.01226614706339478,0.009154572876700094
16:24:46,0.4247852740763969,0.6754450952132053,0.4437095388166909,0.4047348586727747,0.396680006774063,0.032509724921142985,0.026779120399453342
16:24:47,0.4181734295178683,0.6579902492766284,0.37615514103507797,0.3875471328310879,0.3627142499011513,0.06510681034362073,0.04806708239853091
16:24:48,0.4004103690435143,0.6717509827046594,0.31030476100123555,0.37133059126526735,0.32430201990370944,0.09767126365141549,0.0868565695863951
16:24:49,0.3915650954790092,0.6823004107309594,0.2443031879148188,0.34835189413498524,0.28399974676384654,0.1362220184691647,0.10919196368643226
16:24:50,0.39252515060809473,0.6597310256580216,0.21253601851215875,0.3196251996811552,0.24206718434897057,0.17490897563525476,0.13797684021887793
16:24:51,0.3869431691327478,0.635075515459838,0.16340397715324567,0.2864562979141359,0.20217835372074516,0.21123594269691678,0.16300013266911245
16:24:52,0.3670444705613256,0.615972156475056,0.12989051341219487,0.25044261061373124,0.16551128495596973,0.2578352887439412,0.19650043974616893
16:24:53,0.3449437681996971,0.576118970703589,0.09494179212759403,0.21347319132918982,0.13279089051506787,0.31098377261782706,0.22452498948909086
16:24:54,0.3137539532889414,0.5599391408317159,0.07150025380776918,0.1777287253792056,0.10031734476617847,0.3603888232456609,0.24510896227774553
16:24:55,0.3056179976203682,0.5320902272788262,0.044285735943091244,0.12791834886171347,0.0650465408314877,0.41083920667914703,0.26930748640164415
16:24:56,0.27238178883111375,0.4744313375598632,0.024343872104913816,0.09102853016639353,0.03599943042655504,0.46952960826031886,0.29060734720952774
16:24:57,0.24373438780707235,0.4529871834339273,0.000786486094468495,0.06086669686130657,0.014824714017271527,0.5233630475674936,0.30574296007031504
16:24:58,0.23958127968345805,0.42256052097910657,-0.009073378575612367,0.04047146301521732,-0.0057395919312459975,0.5566431520191406,0.3134241288106857
16:24:59,0.2202988487731138,0.3938747673948218,-0.019912049223273127,-0.00039331621861438126,-0.021534234652756605,0.6288903285083655,0.3327225869245665
16:25:00,0.19373264608665264,0.3646586911397752,-0.031877978759073715,-0.028169040403440707,-0.03951247929595001,0.6861676738193535,0.35028230278562866
16:25:01,0.18147294664600752,0.3357794003112936,-0.03307468405927312,-0.05465781945560398,-0.05727676393488608,0.7076414095841242,0.3606015668888171
16:25:02,0.17979263725157393,0.31148513250897036,-0.03264617200860273,-0.05759895201146762,-0.03827459406186798,0.755785487381473,0.36005405322072526
16:25:03,0.16946751217885614,0.2828202424550144,-0.03046921191094467,-0.04372309277934908,-0.03225846141916096,0.7933430022085577,0.3728415576343497
16:25:04,0.16225410553266206,0.32135100298397984,-0.022392195132157604,-0.03544353692267099,-0.024178405376071258,0.8162088417709821,0.37981281435931796
16:25:05,0.1467508815779298,0.3191804960940664,-0.014116647534812373,-0.03133653040718104,-0.014741745156150713,0.8116866937573919,0.39215614386538256
16:25:06,0.13211691430640807,0.34230303891182756,-0.0034567222177419327,-0.017467300324324416,-0.0032471010958560033,0.8119798253886861,0.4024407400531974
16:25:07,0.0991331286283402,0.35114880901327283,0.00973566720872775,-0.0032637366395394966,0.009343326754327174,0.8278421133281948,0.40331774964740574
16:25:08,0.10517228877981095,0.34616208088062694,0.01638304935242523,0.008576739130431065,0.016596491993548037,0.837995939918241,0.4111855222105268
16:25:09,0.07871079708858837,0.35348776159019063,0.0164185739908994,0.017115813904510238,0.015990457442199478,0.8399362007363468,0.42671692562741764
16:25:10,0.06347853029647531,0.3388094787721021,0.010922720792265013,0.013203690589270303,0.013788328717765128,0.8071724137951499,0.4308497933301586
16:25:11,0.06423800524766918,0.34424697181949493,0.0,0.005050562683968978,0.0,0.7645391165845995,0.4534451731515663
16:25:12,0.07788839808127704,0.3355334010955874,0.0,0.0019634364501075526,0.0,0.7550808038243488,0.49151867183349035
16:25:13,0.07217580223821987,0.3358189279205712,0.0,0.007461058510408717,0.0,0.7444431758476062,0.49251379173478127
16:25:14,0.061700409403209214,0.32948678395016645,0.0,0.0,0.0,0.7148093203533874,0.5403992916906319
16:25:15,0.05594181317382266,0.33095950562194565,0.0,0.0,0.0,0.6682402221630617,0.5718647133104061
16:25:16,0.038958906797830636,0.3542717481051758,0.0,0.0,0.0,0.637655199165691,0.6323848567036631
16:25:17,0.052151672968479834,0.3361538846021318,0.0,0.0,0.0,0.5849520817953996,0.6677023418226347
16:25:18,0.0725412134941588,0.3376188091562514,0.0,0.0,0.0,0.5470386810224789,0.6981736631856879
16:25:19,0.06746743502276097,0.3227155968444976,0.0,0.0,0.0,0.5121897348171333,0.7387189073909748
16:25:20,0.04605594168840167,0.3342408883479906,0.0,0.0,0.0,0.46207712985668326,0.7560899919621131
16:25:21,0.05484966744185813,0.32879550605472646,0.0,0.0,0.0,0.428036985177062,0.7698394527068317
16:25:22,0.0336949429405582,0.30989556923256273,0.0,0.0,0.0,0.39570175572067023,0.7741250217892497
16:25:23,0.021508159908620768,0.2924563497761791,0.0,0.0,0.0,0.3753635775944377,0.7550107026182026
16:25:24,0.014786223521338956,0.2681542363353381,0.0,0.0,0.0,0.35693614059488865,0.7267959640413326
16:25:25,0.024155200559065587,0.21689152215074056,0.0,0.0,0.0,0.3508154893694865,0.6794920663926121
16:25:26,0.04017743722793269,0.19996401963403784,0.0,0.0,0.0,0.3563854511058207,0.668708633481821
16:25:27,0.043278470107752764,0.19927124004874525,0.0,0.0,0.0,0.369967218837096,0.6574989329865092
16:25:28,0.041512122907485495,0.2077529378827573,0.0,0.0,0.0,0.384904669214329,0.6398197177373562
16:25:29,0.025389847284353624,0.19843897896495954,0.005679814811977807,0.0,0.0,0.4234730192116086,0.6031906268645896
16:25:30,0.025260676707083162,0.1720558753183047,0.0014946881084152088,0.0,0.0,0.45507651022669443,0.5705026809605237
16:25:31,0.04635588384880901,0.18959980155835146,-0.0014563627723020022,0.0,0.0,0.4668287627012666,0.5196241222454253
16:25:32,0.05176317229637151,0.18690455079960716,-0.003334304241849322,0.0,0.0,0.5232746302599172,0.49654186066418593
16:25:33,0.06995189014476647,0.19056858805340737,-0.004291401824784636,0.0,0.0,0.569380728103475,0.4731213401245127
16:25:34,0.0722162109002961,0.20325336039501893,0.0068884094654073766,0.0,0.0,0.5970475320969669,0.4466214456961381
16:25:35,0.08355012183716036,0.20554487953370984,-0.0010192467766324195,0.0,0.0,0.6521914530294747,0.40515149913019893
16:25:36,0.09277012141450844,0.21081084213447282,0.004106404391546262,0.0,0.0,0.6975797603409348,0.38091641557636235
16:25:37,0.08920665131672062,0.2390385945716788,-0.005676293024334989,0.012435097517347862,0.0,0.7363488455286749,0.3592141971102474
16:25:38,0.11383741361056546,0.24349332834522436,0.0019633567716540834,0.011728260395309133,0.0,0.7561780361267739,0.3537119733496703
16:25:39,0.1461338140294951,0.2663105518200703,0.004025036754875118,0.00799001164636931,0.0,0.785707377350052,0.35951254215588346
16:25:40,0.13938737563245884,0.2793069146719749,-0.0028387042613417252,0.003001876172608874,0.0,0.7824427321049885,0.3513509464491317
16:25:41,0.1745655886325781,0.28715914342785065,-0.01703643259039276,0.003415626523093072,0.005943245136967728,0.7700016707207096,0.3471697032614089
16:25:42,0.1853260608224356,0.2938089454725783,-0.022775448493289732,-0.003528912285840061,0.0015640118781493984,0.7895950743140081,0.348889858428142
16:25:43,0.19800498047810366,0.2966968977410264,-0.007085788930313154,-0.013985309739928533,-0.001523909009478905,0.7794653899470386,0.3668538441504404
16:25:44,0.18633874816524232,0.3267360210303015,-0.01077953861140139,-0.03232457722619813,-0.003488949574333284,0.7535717038430094,0.36993054627481964
16:25:45,0.1920822295184817,0.341689801289142,-0.006938877797827656,-0.047164643255238996,-0.004490437429780303,0.7336420167708703,0.3831664342159094
16:25:46,0.21331982222516827,0.37578063304819986,0.002866687334195957,-0.0499412239017102,-0.004678595754137013,0.6996414765495511,0.4046640735599302
16:25:47,0.21331366396603207,0.39361976878829164,0.017185447234049377,-0.04280256991109695,-0.004194543290670955,0.6872404868092604,0.4040016503820578
16:25:48,0.24133738994779352,0.41873607666348833,0.034683488976704605,-0.027754189427919337,-0.0031702943476001467,0.6361410568009118,0.4057118218984812
16:25:49,0.2588029085477479,0.46570299881521415,0.054144696262725625,-0.006658847995732433,-0.0017287587980930744,0.5811785972328343,0.37439999126132734
16:25:50,0.28365945807815707,0.4859473598684836,0.07447074941826846,0.018763431442873825,1.625791973127323e-05,0.5397903144341251,0.35841980237012616
16:25:51,0.28610381588269723,0.5234374216911941,0.09468112539508129,0.046935368546274586,0.0019600548028034367,0.4896847140369966,0.37153995917479643
16:25:52,0.3142120135881817,0.5479728396943422,0.11391309777050417,0.07642242557381008,0.004007035283103474,0.45769443193744525,0.3424383544395432
16:25:53,0.33876019156801845,0.5993331016863571,0.1314217367474693,0.1059328073857856,0.006070707227660967,0.4103403876891196,0.3130263255648659
16:25:54,0.35843215763817604,0.6258541142029295,0.14657990915450084,0.13431746144347154,0.008073682938555,0.3538151050077688,0.3156936625606512
16:25:55,0.37711278125357617,0.6647584626152317,0.1588782784457151,0.16057007780910337,0.009947679152914191,0.2950356739446735,0.29286649831783007
16:25:56,0.39581600387058835,0.6811273411132104,0.1679253047008203,0.18382708914588167,0.011633517042916675,0.2495453912748288,0.28698614601839356
16:25:57,0.4232973538136605,0.6954184105925291,0.17344724462511676,0.20336767071797204,0.01308112221579009,0.20484025120316923,0.29166834501650307
16:25:58,0.4258639003393684,0.7125453691523316,0.17528815154949692,0.21861374039050518,0.014249524713811612,0.18572838072951148,0.28033567834156314
16:25:59,0.4307372733352615,0.7149552662871304,0.17340987543044506,0.22912995862957705,0.015106859014307925,0.15642213194825222,0.30163927193521967
16:26:00,0.4318037440557314,0.7244323206995785,0.1678920628500377,0.23462372850224833,0.01563036402965523,0.13286372343684028,0.290097391927503
16:26:01,0.42490278139753446,0.723945435383921,0.15893215701594327,0.2349451956765452,0.015806383107279255,0.11721407586786213,0.28988687226748033
16:26:02,0.41287120895756313,0.7325726512639581,0.1468453977614223,0.23008724842145853,0.01563036402965523,0.11413635322680102,0.3005962908044691
16:26:03,0.4137242370369103,0.7370377678869748,0.13206482154532734,0.2201855176069446,0.015106859014307925,0.13259682830928465,0.27384027643761494
16:26:04,0.40587834660451694,0.7158081723819006,0.11514126145210299,0.20551837670392462,0.014249524713811612,0.14288614519224657,0.27379257184920525
16:26:05,0.41112465928134756,0.6885902974647824,0.09674334719178584,0.18650694178428487,0.01308112221579009,0.16842912627860024,0.25931632618807243
16:26:06,0.4074689307248804,0.6676117071153505,0.0776575051000046,0.1637150715208768,0.011633517042916675,0.20985037305492812,0.28986011620287017
16:26:07,0.39367222776197885,0.6500965033808059,0.05878795813797996,0.13784936718751686,0.009947679152914191,0.25319577402008636,0.3135613700142911
16:26:08,0.3735019917664383,0.6127291640135781,0.04115672589252466,0.10975917265898666,0.008073682938555,0.30502017955418814,0.31935804348269825
16:26:09,0.34524947429099595,0.5717424256608307,0.025903624576043473,0.08043657441103282,0.006070707227660967,0.3663329523870246,0.3295365611693544
16:26:10,0.3327572272553527,0.5342576774862834,0.003017582389354373,0.051016401520367086,0.004007035283103474,0.4105669405271861,0.33107769334905174
16:26:11,0.3264266678901912,0.5037369152759195,-0.010759603062346261,0.02277622566466629,0.0019600548028034367,0.4510854782329089,0.32094735017395487
16:26:12,0.3064215599667555,0.4666027677674862,-0.01980160957488361,-0.0028636388774276773,1.625791973127323e-05,0.5290569842750732,0.33250690106539005
16:26:13,0.28965213678779766,0.4221654802519791,-0.02269320439363058,-0.024340135226307826,-0.0017287587980930744,0.5625092869266841,0.33972020072279163
16:26:14,0.2658945183052705,0.4052796187657327,-0.01791005902548565,-0.03994746390140208,-0.0031702943476001467,0.6228242864567155,0.332265839356137
16:26:15,0.2430721659310103,0.374279644905567,-0.02635611851323061,-0.04783708282117328,-0.004194543290670955,0.6870604173359781,0.315545743166232
16:26:16,0.2152695850938201,0.37484576816073256,-0.015556086603599941,-0.04601770730311918,-0.004678595754137013,0.7455019313813166,0.3189095476465555
16:26:17,0.1871546707054987,0.36798490345368723,-0.015329018946935835,-0.03235531006377245,-0.004490437429780303,0.7839357737866066,0.32164792579168733
16:26:18,0.1855051526067458,0.35672100271915386,0.0030809426955441394,-0.02924420592731712,-0.003488949574333284,0.7990756412227699,0.3218102354742526
16:26:19,0.16904760126546806,0.3538034957203569,0.004950135470901786,-0.017398831771192447,-0.001523909009478905,0.8017063992629929,0.3145059953431897
16:26:20,0.13548679232177782,0.33293978310917205,0.0002741735583483458,-0.0019879465230490936,0.0015640118781493984,0.8315940203560022,0.306246824084344
16:26:21,0.1413845483613396,0.30074927997513146,-0.0036969208835358515,0.014687175907129339,0.005943245136967728,0.837876182506052,0.3173316195975995
16:26:22,0.11773429073489709,0.2776373257598478,0.0037942082752078377,0.01830996788019959,0.0,0.8182831462173616,0.3329966466964916
16:26:23,0.08627677998072242,0.2777428647683577,0.014417991445789816,0.015864566516869058,0.0,0.799142174908414,0.3495800661816689
16:26:24,0.04757738109980179,0.2729764013709192,0.0,0.005471442907633059,0.0,0.7645346734876263,0.37739626559533407
16:26:25,0.04154746270459495,0.26802482629296,0.0,0.0,0.0,0.7298870488713264,0.4162165342272407
16:26:26,0.026315046167578897,0.2585614762591125,0.0,0.0,0.0,0.6598609407952984,0.4661855374756587
16:26:27,0.008696117034179917,0.25969132436499626,0.0,0.0,0.0,0.6031677064707722,0.5074250118584135
16:26:28,0.003736753027735424,0.25487177362097213,0.0,0.0,0.0,0.5315406754832753,0.5511144231927031
16:26:29,-0.01740572982774372,0.25065604653185664,0.0,0.0,0.0,0.4811844766841113,0.5846886205129188
16:26:30,-0.012396257433130647,0.23813962897741375,0.0,0.0,0.0,0.44391714860751313,0.6380750674570157
16:26:31,-0.019160300215326564,0.23314777544525084,0.0,0.0,0.0,0.40323680677784995,0.6713208535164976
16:26:32,-0.014106447175084975,0.23417026961685197,0.0,0.0,0.0,0.35853748558446025,0.7013193878587146
16:26:33,-0.016984909214069813,0.22859241002594455,0.0,0.0,0.0,0.3228383645334215,0.7275199737512219
16:26:34,-0.035341219686098296,0.2419520632838581,0.0,0.0,0.0,0.29268212133680294,0.7412381476628507
16:26:35,-0.042311732612370784,0.25773427393543735,0.0,0.0,0.0,0.27435912772484894,0.7379640305277896
16:26:36,-0.04040769809347461,0.2488093134940601,0.0,0.0,0.0,0.27608249839366533,0.7535849616934015
16:26:37,-0.018100817590330245,0.2700254149799503,0.0,0.0,0.0,0.2912740140129219,0.7788875392245453
16:26:38,-0.004230892489544019,0.27753281090995935,0.0,0.0,0.0,0.3158597670700853,0.7617798421455018
16:26:39,0.0063914493863464995,0.2849557805466652,0.0,0.0,0.0,0.3273524511774483,0.7625579048395573
16:26:40,0.023520001398625166,0.28905918031353056,0.0,0.0,0.0,0.341815501877172,0.751295159182683
16:26:41,0.023782934730191548,0.309248259219115,0.0,0.0,0.0,0.36395824754446876,0.7372122953520759
16:26:42,0.035818662591221226,0.3219270899052528,0.0,0.0,0.0,0.4006400050820823,0.7047612143593235
16:26:43,0.05070412330765685,0.34530590884074797,0.0,0.0,0.0,0.44702296682914655,0.665155834186118
16:26:44,0.05098102659079954,0.3603992307885134,0.0,0.0,0.0,0.49371106526865305,0.65206655635671
16:26:45,0.08213880420349401,0.3839937187969167,0.0,0.0,0.0,0.5477279377860504,0.6152168882863231
16:26:46,0.10132877574741411,0.3728031134251355,0.0,0.0,0.0,0.61433672111282,0.6047883448846741
16:26:47,0.11747906926583553,0.4100830311038001,0.0,0.0,0.0,0.6654365796432117,0.5812415036825127
16:26:48,0.13054132651414366,0.42599362548947783,0.0,0.0,0.0,0.7006783323514779,0.5562012939988938
16:26:49,0.13866134994897408,0.44030510136771256,0.0,0.010445481914572204,0.0,0.740930657987338,0.5263742816062685
16:26:50,0.15202937381047943,0.4529010547428817,0.0,0.0027488110301505733,0.0,0.778583691344428,0.4799065220597103
16:26:51,0.15988438308352873,0.44124655465070045,0.0,0.012741192225467194,0.0,0.8188191241902719,0.44829843590941587
16:26:52,0.1730096673375751,0.44302396151620344,0.011796538455646214,0.007376479709480994,0.009509192219148364,0.8355307428192688,0.424089062176196
16:26:53,0.16628144166436698,0.4280753883438944,0.016648526007578664,-0.009358820301709269,0.0025024190050390374,0.8329864914582642,0.4125019335935117
16:26:54,0.19665940085685701,0.4279154199878468,0.0181614923532171,-0.019698007236737182,0.009923695469726625,0.8458095174155758,0.3915965156376048
16:26:55,0.22169212838533878,0.4180304927922243,0.009094307449387058,-0.024570304949038287,0.007417747412244566,0.8294310408444265,0.36317235684355254
16:26:56,0.24061575990114897,0.42788316098738727,0.0034984046726941245,-0.009182614466443216,0.00409703912673586,0.8212130255315718,0.33860248407831084
16:26:57,0.25752841096014717,0.41123445870783,-0.012862907069653607,-0.01723741180524344,-0.004129303510373274,0.7868255685689476,0.3242481938187109
16:26:58,0.27934239987567483,0.4008263092943417,-0.024025587492352188,-0.009433420908619367,-0.011733423043526762,0.7608275196265792,0.30662961638880115
16:26:59,0.300724164167259,0.3908134467219182,-0.03601041463255428,-0.0020983234910551822,-0.017067182614717645,0.7351440058638701,0.29784220126648747
16:27:00,0.31368340004198425,0.3808794443633344,-0.03729512558138243,0.0038314269388935638,-0.024288464989484154,0.71430015239492,0.29263326275008683
16:27:01,0.33163360077721643,0.3821714224602086,-0.03571568350202416,0.01146596995892716,-0.02521039742437944,0.6648531162727701,0.2955986847082554
16:27:02,0.3542173299690076,0.4000681340333655,-0.05863274185469601,0.003954458071131024,-0.02510291306545201,0.6084068556337491,0.2977809457495195
16:27:03,0.37674581733017404,0.43830230006816817,-0.038119813510361644,0.017300628199887744,-0.02246237544526654,0.5605360427991384,0.29907015478867677
16:27:04,0.398437090297688,0.4586832055725384,-0.03908774258226008,0.028207265957613407,-0.012986808939567749,0.4996748806482392,0.30270266369031557
16:27:05,0.41753389711429706,0.49686041948227,0.0008495582302514675,0.041206566849060516,-0.006846410874473798,0.44338613569075686,0.29679151812487065
16:27:06,0.43949846856838226,0.5465669045271508,0.04565715617211036,0.06005370626865705,0.006312954567102163,0.3837223511215657,0.29399950667536656
16:27:07,0.47635653236916975,0.5777322067627273,0.08278632747063071,0.06819692854862447,0.02653720553107493,0.320698625093253,0.294628594864535
16:27:08,0.48311857543297343,0.6244931627848129,0.1176535469931638,0.08266444812108364,0.047580734257037016,0.26563175435728265,0.289196655647479
16:27:09,0.5241067253264121,0.6657660719387448,0.14328974624467716,0.09059815553993703,0.07746321270647351,0.20823710355346475,0.2809015869887929
16:27:10,0.558343359534697,0.6977816297404378,0.17336160622333996,0.11079348503759885,0.10491330693362805,0.15373177068039098,0.26593152302926226
16:27:11,0.5785826638069065,0.7315016313206322,0.20554444271318845,0.11535172362873741,0.13166543493780863,0.10649513824991338,0.2547237583808872
16:27:12,0.5808326730052998,0.7500030187346569,0.24405328892850614,0.12932602107090457,0.1580758402561671,0.06091926716237126,0.24520328087819915
16:27:13,0.5795300030979784,0.7411078418086879,0.2871699069079338,0.15590364838155704,0.18511554990574203,0.021584378223124888,0.22247708213623021
16:27:14,0.5616068749933355,0.7699972959144024,0.3356591588104564,0.1762575495243301,0.2101930139075079,0.0006159988260170078,0.1917444982794757
16:27:15,0.5597189926460083,0.7613088470183854,0.3841956411786454,0.21328049547001635,0.23546959045865826,-0.015497122719355584,0.1617410814652897
16:27:16,0.5409190239027548,0.7559074402844648,0.42465820174477453,0.228137155538078,0.2559399299665743,-0.02341068761943081,0.13222371296233051
16:27:17,0.5342577887956865,0.7730194237105316,0.46502156130837435,0.24529077772682958,0.27430232685321737,-0.02277863049369184,0.1021833525043107
16:27:18,0.5094965940117948,0.755570844027828,0.5064443362129433,0.262879866444682,0.2921544129295928,-0.023041172739440834,0.06503329123267387
16:27:19,0.4832636595258737,0.7075286471448606,0.5371470001494326,0.28964263460978906,0.30810686874892523,-0.026693933298742308,0.0490333064593608
16:27:20,0.46112815738469204,0.657400494038369,0.5674417513058241,0.3113116980084291,0.3190120309878805,-0.027711811695901863,0.02454676377715062
16:27:21,0.4395214044960261,0.6214043983459872,0.5982404243259971,0.314235949878971,0.3357624110561401,-0.023878472592018498,-0.0032132576539550903
16:27:22,0.42025586325089814,0.5627528750514351,0.620546181615895,0.3184743661859781,0.3397301498633917,-0.01596928634951176,-0.025509999836067592
16:27:23,0.4063948464119981,0.5342031990036994,0.6236296514463882,0.30835879662627586,0.34094262071734965,-0.004666762926251435,-0.028058898465213037
16:27:24,0.3916214401184507,0.47611581482972465,0.6399195986507066,0.29519354929722985,0.3371997238819621,0.0066534716674682744,-0.030435338253959172
16:27:25,0.3921331761662051,0.42358211887481856,0.6482907370198548,0.2905986121179725,0.33426843396074757,0.011987504632311184,-0.02967961907569442
16:27:26,0.37493812649809244,0.36876052165609935,0.6412976035071194,0.27952563484227755,0.3375563258159222,0.016388174701599013,-0.022129603226425335
16:27:27,0.36526304748097954,0.35580167218366787,0.635439852100854,0.26481106425702705,0.34080717851707787,0.006536939447498348,-0.012493571916808074
16:27:28,0.35652034262369425,0.3326255614171495,0.6394820051155059,0.24798113770590285,0.3497209927093309,-0.004667185004354032,-0.0065321711737830815
16:27:29,0.34764438040116086,0.3144704673682427,0.6271262136876435,0.23236775559310452,0.36203862856305574,-0.002038540576614404,-0.010379396533383966
16:27:30,0.34295023801558183,0.3071046018681576,0.6250107672152188,0.21139240345582727,0.38097409038498076,0.0020921863812621458,-0.01446738214210415
16:27:31,0.3307893530526509,0.29519570691632757,0.6154521827133527,0.2275782436305031,0.4085752864406921,0.007950308248796173,0.0032284341028418397
16:27:32,0.3213863605243008,0.28729714227632175,0.6144301724223595,0.20040059727661827,0.4280465977357728,0.0,0.009478952847018829
16:27:33,0.30442232980530126,0.28636973823854095,0.6015326742801114,0.18148497116171886,0.4605897996385332,0.0,0.01604408070659317
16:27:34,0.3211627165116607,0.27984366131133454,0.5856767119738364,0.1810151101002088,0.5162874730166497,0.0,0.009237501012886982
16:27:35,0.31266556521813677,0.2858829511929762,0.5611135915900858,0.20416761043758533,0.5502718173885466,0.0,0.0
16:27:36,0.3007174022489828,0.2759140629515201,0.5543259873200707,0.22241084234197786,0.5833988216793536,0.0,0.0
16:27:37,0.29617337600898236,0.24282846207264036,0.5046857026036552,0.21703567388813927,0.6024148563063186,0.0,0.0
16:27:38,0.28123841056351845,0.2328662147397856,0.4776983581023897,0.22107623772625234,0.6224817277169957,0.0,0.0
16:27:39,0.269481134909472,0.20538535646401954,0.429454593124617,0.23031066925659865,0.6341003019252437,0.0,0.0
16:27:40,0.2494789881245591,0.19035334759597244,0.39077592619141205,0.23208669837667592,0.6379555613210621,0.0,0.0
16:27:41,0.22670610786177586,0.17468476493375074,0.3506383471529612,0.23395433293127893,0.6365755166047178,0.0,0.0
16:27:42,0.20147871909916665,0.1585091435054663,0.3096722539042012,0.23580942511156677,0.6301510984896789,0.0,0.0
16:27:43,0.17422519642547873,0.14201380554710585,0.2685714869007414,0.23754677564410218,0.6190168451859115,0.0,0.0
16:27:44,0.14548606404007086,0.12544386050245615,0.22809332915872416,0.23906013379077543,0.603650902399668,0.0,0.0
16:27:45,0.11591399575291494,0.1091022050231073,0.18905850625482334,0.24024219734880375,0.5846750233334876,0.0,0.0
16:27:46,0.08627381498459552,0.09334952296845223,0.15235118632624495,0.2409846126507319,0.562854568686191,0.0,0.0
16:27:47,0.05744249476630736,0.0786042854056862,0.1189189800707261,0.24117797456443169,0.5390985066528858,0.0,0.0
16:27:48,0.030409157739858306,0.06534275060980677,0.08977294074653647,0.2407118264931019,0.5144594129249673,0.0,0.0
16:27:49,0.0062750761576685354,0.054098964063614474,0.06598756417247731,0.2394746603752692,0.4901334706901126,0.0,0.0
16:27:50,-0.013746328117229312,0.04546475845771225,0.04870078872788164,0.23735391668478686,0.46746047063228413,0.0,0.0
16:27:51,-0.02832948361119081,0.04008975369050438,0.03911399535261495,0.2342359844308355,0.44792381093173556,0.0,0.0
16:27:52,-0.03603666923995941,0.03868135686819951,0.0384920075470736,0.23000620115792314,0.43315049726499827,0.0,0.0
16:27:53,-0.03531801430866632,0.04200476230480765,0.04816309137218644,0.22454885294588514,0.4249111428048892,0.0,0.0
16:27:54,-0.024511498511830765,0.05088295152214106,0.06951895544941411,0.21774717440988364,0.425119968220514,0.0,0.0
16:27:55,-0.0018429519333602595,0.06619669324981559,0.10401475096074841,0.20948334870040825,0.4358348016772698,0.0,0.0
16:27:56,0.03457394495345201,0.08888454342524932,0.15316907164871446,0.199638507503276,0.4592570788368223,0.0,0.0
16:27:57,0.08673766128592153,0.11994284519366194,0.21856395381636806,0.18809273103963078,0.49773184285713556,0.0,0.0
16:27:58,0.1567588158119788,0.16042572890807616,0.3018448763272976,0.17472504806594377,0.5537477443924583,0.0,0.0
16:27:59,0.24686017689016526,0.21144511212931721,0.4047207606056223,0.1594134358740138,0.6299370415933165,0.0,0.0
